epoch,train_loss,val_loss,val_micro_f1,val_macro_f1,val_micro_precision,val_micro_recall,val_mAP,val_macro_AUROC,learning_rate,epoch_seconds,peak_cuda_memory_GB
1,0.178996636320174,0.1722130532551598,0.7507348727144997,0.6376874546350825,0.8449086596479547,0.6754491017964072,0.7722113658937492,0.9555756753976595,0.001,59.32389712333679,1.5155882835388184
2,0.12262745716316585,0.14229416368775574,0.800597323107555,0.681819552524652,0.8978992639153089,0.7223220226214239,0.8299315804207648,0.9672619967770031,0.001,14.17948293685913,1.1159119606018066
3,0.10534149639107221,0.135093282504994,0.8092153636077168,0.7472555790260753,0.8540388736974355,0.7688622754491018,0.8628865240343868,0.9692598207547054,0.001,14.19606637954712,1.1153016090393066
4,0.09380278728863241,0.16817842160181037,0.7963995565630326,0.7288224035568225,0.7922441320736083,0.8005988023952095,0.860327490034282,0.967689943611373,0.001,14.190474510192871,1.1153016090393066
5,0.08569042275098687,0.15390650854438748,0.8203139159749158,0.7309039172902141,0.9010910249263359,0.7528276779773786,0.8837340041447003,0.9742848924309154,0.001,14.258330345153809,1.1153016090393066
6,0.07825527017062943,0.09065016485763876,0.8821493437510709,0.8287065363725914,0.9095470284785527,0.8563539587491683,0.9138858194149064,0.9811808645561488,0.001,14.301241159439087,1.1153016090393066
7,0.07261111811987127,0.09232104518648454,0.8818866231240964,0.8347269463530725,0.8811397828036266,0.8826347305389222,0.9200375300550707,0.9826995577523202,0.001,14.137539625167847,1.1153016090393066
8,0.06712305133028004,0.16479711658094964,0.8162218165671715,0.7741604093849467,0.8071031320128793,0.8255489021956088,0.8830336225959555,0.9722515141101155,0.001,14.126040697097778,1.1153016090393066
9,0.06349006013107268,0.12197969389084849,0.8543093014433586,0.8076286639412711,0.93473534411195,0.786626746506986,0.9175356119007455,0.9811992306759326,0.001,14.13709831237793,1.1153016090393066
10,0.05909562468669358,0.09748622582571485,0.8803328468132937,0.8528854374811734,0.8879750905337259,0.8728210246174318,0.9247681167521016,0.9831213636124975,0.001,14.12968635559082,1.1153016090393066
11,0.054928293254829605,0.09949658268814544,0.879394011125577,0.8402639343621016,0.8941649761028779,0.865103127079175,0.9220261620086513,0.9825191738933127,0.001,14.124426364898682,1.1153016090393066
12,0.05223008179569484,0.15097040850283158,0.8345297800504802,0.8044430640124508,0.8224785165083672,0.8469394544244844,0.9057460556335633,0.9761919197652452,0.001,14.155620336532593,1.1153016090393066
13,0.049291879481676654,0.1232660094710989,0.8592268159581795,0.8265109940495595,0.9157851146331363,0.8092481703260146,0.9231673345784299,0.9829789951238076,0.001,14.153297424316406,1.1153016090393066
14,0.046871595003923586,0.13936532503623145,0.8669566573661681,0.819186995562007,0.9048583728249466,0.8321024617431803,0.9132314728900226,0.979912676171141,0.001,14.161016702651978,1.1153016090393066
15,0.04371277639543446,0.1301145175348931,0.8615120719787689,0.8359035028786762,0.8387635492815729,0.8855289421157685,0.917902547235638,0.9807081492727396,0.001,14.154823541641235,1.1153016090393066
16,0.04101815478604786,0.08685943391095158,0.8978591160220994,0.88347387801682,0.9333094041636755,0.8650033266799734,0.9421484150787431,0.9878010113612701,0.001,14.135817766189575,1.1153016090393066
17,0.037862515272253844,0.07720088924761775,0.9113497862024847,0.8919741503282456,0.9225001704041987,0.9004657351962742,0.9459834992974547,0.9880205102729473,0.001,14.13327431678772,1.1153016090393066
18,0.03556214425954768,0.1537887744043634,0.8681257014590348,0.8156904557456046,0.9179646936656283,0.8234198270126414,0.9274472249739134,0.9818920138127526,0.001,14.130610227584839,1.1153016090393066
19,0.033914484706608704,0.08801991925907378,0.9041701279282273,0.8661446409478876,0.9031198141387322,0.9052228875582169,0.9393714581071387,0.9873104666466574,0.001,14.095288753509521,1.1153016090393066
20,0.032049277300629994,0.12019846970745636,0.875649102244795,0.8495863108853264,0.8573523317713813,0.8947438456420492,0.9257509649191998,0.9821989969330938,0.001,14.122100591659546,1.1153016090393066
21,0.029309574292214837,0.08672667767397108,0.9076920440720369,0.8883802603225137,0.9359341319481254,0.8811044577511643,0.9503295969183438,0.9881464956024467,0.001,14.119374513626099,1.1153016090393066
22,0.027847349360727976,0.15508343901075683,0.8704698467268299,0.8510687735711109,0.9425701876841942,0.8086161011310712,0.9383604386388456,0.9853810920009949,0.001,14.124830722808838,1.1153016090393066
23,0.025261209121385644,0.0772217834972011,0.916326808047852,0.8774133444781871,0.9365707933861331,0.8969394544244844,0.9468774110769321,0.9901257810949177,0.001,14.144843816757202,1.1153016090393066
24,0.023383088071394435,0.10305332916422642,0.8988846672386321,0.8845538921053161,0.9488411636417403,0.8539254823685961,0.9486850670349835,0.9889494110153948,0.001,14.124470472335815,1.1153016090393066
25,0.021648578932269843,0.14117427358822648,0.8760728559260957,0.8593355116957354,0.8629001032524523,0.8896540252827678,0.9280035467851327,0.9827884368821503,0.001,14.123183012008667,1.1153016090393066
26,0.02029956722685228,0.11211124496452247,0.8968469409062435,0.8806391229671108,0.9402364273204904,0.8572854291417166,0.9412025979528894,0.9858078809126363,0.001,14.127387046813965,1.1153016090393066
27,0.018630924431996227,0.2881907032332484,0.8464001727053575,0.8138513202602703,0.9215701637546031,0.7825681969394545,0.9067833652204431,0.9766209600111162,0.001,14.12914776802063,1.1153016090393066
28,0.016637391393523476,0.1501695640019538,0.872325226483099,0.8465599498359947,0.851937591171434,0.8937125748502994,0.9331021571580062,0.9836277362390408,0.001,14.125384092330933,1.1153016090393066
29,0.01548132883931574,0.09031695704833999,0.9133889616960568,0.8979680945099143,0.9109559577777042,0.91583499667332,0.9476857036511943,0.989082486648687,0.001,14.117865562438965,1.1153016090393066
